<http-page executeResourcesDynamically="false"
    forceEncodingForDynamicResources="false" name="/sap/bc/ui2/flp"
    playRequestsSequentially="false"
    recordedArtifactZipFileName="team/vus/@user@path_@fiori_@create@incident/%resources%/recorded-artifacts/e0a2b7b5-7eec-401c-8e0e-d976006c4b53.zip"
    slaProfileEnabled="false" thinkTime="14118"
    thinkTimeMode="MODE_SIMPLE_THINK_TIME" thinkTimeRangeEnd=""
    thinkTimeRangeStart="" uid="e0a2b7b5-7eec-401c-8e0e-d976006c4b53">
    <embedded-action>cb74b437-99d2-42cd-af70-7383b66d5366</embedded-action>
    <embedded-action>1d22f987-1327-490c-95cb-da36b1ccc989</embedded-action>
    <embedded-action>ee5970da-5d27-44ef-9334-5fb888aac8c0</embedded-action>
    <embedded-action>e2a98db6-e53c-473c-a58a-65644d48385b</embedded-action>
    <embedded-action>659c3506-70fb-4272-a58b-30790aa38c1b</embedded-action>
    <embedded-action>44649226-f812-4caa-8a12-cdea975b6e68</embedded-action>
    <embedded-action>0bd41333-23af-415a-ae44-f965df28ae12</embedded-action>
    <screenshotFileDescription>recorded-screenshots/sc_7eb2080d-a299-48d4-8cfe-c09949b1ea70.jpg</screenshotFileDescription>
</http-page>
<http-action actionType="1" contentType="text/html; charset=utf-8"
    extractorInjectPathPolicy="2" extractorPathPolicy="1"
    followRedirects="false" generatedByClient="false"
    linkExtractorSeveralMatchOccurrence="1"
    linkExtractorSeveralMatchPolicy="1" linkExtractorType="6"
    method="GET" name="/sap/bc/ui2/flp" path="/sap/bc/ui2/flp"
    postCharset="" postType="6"
    recordedArtifactZipFileName="team/vus/@user@path_@fiori_@create@incident/%resources%/recorded-artifacts/e0a2b7b5-7eec-401c-8e0e-d976006c4b53.zip"
    recordedResponseCode="200" recordedResponseTime="343"
    responseSize="7155" serverUid="solman.almdemo.com"
    slaProfileEnabled="false" uid="cb74b437-99d2-42cd-af70-7383b66d5366" useKeepAlive="false">
    <responsePageFileDescription>recorded-responses/res_cust_7de49436-af26-4dfe-84d2-c74f4f16f66b.html</responsePageFileDescription>
    <requestContentFileDescription>recorded-requests/req_cust_a964279e-f1e8-44ac-bf12-1d0cd2940e80.txt</requestContentFileDescription>
    <variable-extractor assertionOnNoMatch="true"
        defaultValue="&lt;NOT FOUND>" displayMode="0"
        endsWithSimple="&amp;#x3d;&quot;>" extractFromVarNameAdv=""
        extractFromVarNameSimple="" extractType="0" extractTypeAdv="0"
        extractTypeSimple="0" matchNumber="1" matchNumberAdv="1"
        matchNumberSimple="1" name="var_sap_login_xsrf"
        refererUid="a964279e-f1e8-44ac-bf12-1d0cd2940e80"
        regExp="name=&quot;sap-login-XSRF&quot; value=&quot;(.*?)&amp;#x3d;&quot;>"
        regExpAdv="" setDefaultValue="true"
        startsWithSimple="name=&quot;sap-login-XSRF&quot; value=&quot;"
        template="$1$" templateAdv="$1$"
        uid="d2c1abda-50bd-45ac-b430-620b1d7e8232" xpath="">
        <variable-extractor-group extract="true" occurs="1" pattern="" type="4"/>
    </variable-extractor>
    <header name="Accept" value="text/html,application/xhtml+xml,application/xml;q=0.9,image/avif,image/webp,*/*;q=0.8"/>
    <header name="Accept-Encoding" value="gzip, deflate, br"/>
    <header name="Accept-Language" value="en-CA,en-US;q=0.7,en;q=0.3"/>
    <header name="Connection" value="keep-alive"/>
    <header name="Host" value="solman.almdemo.com"/>
    <header name="Sec-Fetch-Dest" value="document"/>
    <header name="Sec-Fetch-Mode" value="navigate"/>
    <header name="Sec-Fetch-Site" value="none"/>
    <header name="Sec-Fetch-User" value="?1"/>
    <header name="Upgrade-Insecure-Requests" value="1"/>
    <header name="User-Agent" value="Mozilla/5.0 (Windows NT 10.0; Win64; x64; rv:109.0) Gecko/20100101 Firefox/115.0"/>
    <responseHeaders>HTTP/1.1 200 OK
set-cookie: sap-login-XSRF_A4H=20240104181302-xNgq1CeHikPXbLUuHi2dPQ%3d%3d; path=/; HttpOnly
set-cookie: sap-usercontext=sap-client=001; path=/
content-type: text/html; charset=utf-8
content-length: 7155
content-security-policy: default-src 'self'
expires: 0
pragma: no-cache, no-store, private
cache-control: no-cache, no-store, private
sap-server: true
sap-perf-fesrec: 20467.000000</responseHeaders>
    <record-html-infos extractorRegExp="false" htmlType="0"/>
</http-action>
<http-action actionType="1" contentType="text/css"
    extractorInjectPathPolicy="2" extractorPathPolicy="1"
    followRedirects="false" generatedByClient="false"
    lastModified="Fri, 17 Feb 2023 13:39:06 GMT"
    linkExtractorSeveralMatchOccurrence="1"
    linkExtractorSeveralMatchPolicy="1" linkExtractorType="6"
    method="GET"
    name="/sap/public/bc/ui2/logon/themes/sap_belize/library.css"
    path="/sap/public/bc/ui2/logon/themes/sap_belize/library.css"
    postType="6"
    recordedArtifactZipFileName="team/vus/@user@path_@fiori_@create@incident/%resources%/recorded-artifacts/e0a2b7b5-7eec-401c-8e0e-d976006c4b53.zip"
    recordedResponseCode="200" recordedResponseTime="31"
    responseSize="9629" serverUid="solman.almdemo.com"
    slaProfileEnabled="false" uid="1d22f987-1327-490c-95cb-da36b1ccc989" useKeepAlive="false">
    <responsePageFileDescription>recorded-responses/res_cust_7e81bf95-9511-4afa-b704-5aa3b7b21ce0.css</responsePageFileDescription>
    <requestContentFileDescription>recorded-requests/req_cust_4aa51e87-2998-41fe-bc08-5ac11b687eeb.txt</requestContentFileDescription>
    <header name="Accept" value="text/css,*/*;q=0.1"/>
    <header name="Accept-Encoding" value="gzip, deflate, br"/>
    <header name="Accept-Language" value="en-CA,en-US;q=0.7,en;q=0.3"/>
    <header name="Connection" value="keep-alive"/>
    <header name="Cookie" value="sap-login-XSRF_A4H=20230712123217--gcEUr_RlwUBPGXGS9dF9Q%3d%3d; sap-usercontext=sap-client=001"/>
    <header name="Host" value="solman.almdemo.com"/>
    <header name="Referer" value="https://solman.almdemo.com/sap/bc/ui2/flp"/>
    <header name="Sec-Fetch-Dest" value="style"/>
    <header name="Sec-Fetch-Mode" value="no-cors"/>
    <header name="Sec-Fetch-Site" value="same-origin"/>
    <header name="User-Agent" value="Mozilla/5.0 (Windows NT 10.0; Win64; x64; rv:109.0) Gecko/20100101 Firefox/115.0"/>
    <responseHeaders>HTTP/1.1 200 OK
content-type: text/css
content-length: 1882
last-modified: Fri, 17 Feb 2023 13:39:06 GMT
sap-dms: KW
ms-author-via: DAV
cache-control: max-age=31536000
x-content-type-options: nosniff
sap-server: true
content-encoding: gzip
date: Thu, 04 Jan 2024 18:13:02 GMT
connection: Keep-Alive</responseHeaders>
    <record-html-infos extractorRegExp="false" htmlType="0"/>
</http-action>
<http-action actionType="1" contentType="application/x-javascript"
    extractorInjectPathPolicy="2" extractorPathPolicy="1"
    followRedirects="false" generatedByClient="false"
    lastModified="Mon, 03 Jul 2017 11:33:38 GMT"
    linkExtractorSeveralMatchOccurrence="1"
    linkExtractorSeveralMatchPolicy="1" linkExtractorType="6"
    method="GET"
    name="/sap/public/bc/uics/whitelist/ClickjackingFramingProtection.js"
    path="/sap/public/bc/uics/whitelist/ClickjackingFramingProtection.js"
    postType="6"
    recordedArtifactZipFileName="team/vus/@user@path_@fiori_@create@incident/%resources%/recorded-artifacts/e0a2b7b5-7eec-401c-8e0e-d976006c4b53.zip"
    recordedResponseCode="200" recordedResponseTime="28"
    refererUid="cb74b437-99d2-42cd-af70-7383b66d5366"
    responseSize="14566" serverUid="solman.almdemo.com"
    slaProfileEnabled="false" uid="ee5970da-5d27-44ef-9334-5fb888aac8c0" useKeepAlive="false">
    <responsePageFileDescription>recorded-responses/res_cust_336ebef0-37ff-4023-833f-59aa2844f6a9</responsePageFileDescription>
    <requestContentFileDescription>recorded-requests/req_cust_9ff5722f-a32c-4b84-be25-e508fcadc37d.txt</requestContentFileDescription>
    <header name="Accept" value="*/*"/>
    <header name="Accept-Encoding" value="gzip, deflate, br"/>
    <header name="Accept-Language" value="en-CA,en-US;q=0.7,en;q=0.3"/>
    <header name="Connection" value="keep-alive"/>
    <header name="Cookie" value="sap-login-XSRF_A4H=20230712123217--gcEUr_RlwUBPGXGS9dF9Q%3d%3d; sap-usercontext=sap-client=001"/>
    <header name="Host" value="solman.almdemo.com"/>
    <header name="Referer" value="https://solman.almdemo.com/sap/bc/ui2/flp"/>
    <header name="Sec-Fetch-Dest" value="script"/>
    <header name="Sec-Fetch-Mode" value="no-cors"/>
    <header name="Sec-Fetch-Site" value="same-origin"/>
    <header name="User-Agent" value="Mozilla/5.0 (Windows NT 10.0; Win64; x64; rv:109.0) Gecko/20100101 Firefox/115.0"/>
    <responseHeaders>HTTP/1.1 200 OK
content-type: application/x-javascript
content-length: 3758
cache-control: max-age=604800
last-modified: Mon, 03 Jul 2017 11:33:38 GMT
sap-server: true
content-encoding: gzip
date: Thu, 04 Jan 2024 18:13:02 GMT
connection: Keep-Alive</responseHeaders>
    <record-html-infos extractorRegExp="false" htmlType="0"/>
</http-action>
<http-action actionType="1" contentType="application/x-javascript"
    extractorInjectPathPolicy="2" extractorPathPolicy="1"
    followRedirects="false" generatedByClient="false"
    lastModified="Fri, 17 Feb 2023 13:39:04 GMT"
    linkExtractorSeveralMatchOccurrence="1"
    linkExtractorSeveralMatchPolicy="1" linkExtractorType="6"
    method="GET" name="/sap/public/bc/ui2/logon/fiori3/js/login.js"
    path="/sap/public/bc/ui2/logon/fiori3/js/login.js" postType="6"
    recordedArtifactZipFileName="team/vus/@user@path_@fiori_@create@incident/%resources%/recorded-artifacts/e0a2b7b5-7eec-401c-8e0e-d976006c4b53.zip"
    recordedResponseCode="200" recordedResponseTime="105"
    refererUid="cb74b437-99d2-42cd-af70-7383b66d5366"
    responseSize="37750" serverUid="solman.almdemo.com"
    slaProfileEnabled="false" uid="e2a98db6-e53c-473c-a58a-65644d48385b" useKeepAlive="false">
    <responsePageFileDescription>recorded-responses/res_cust_e3722748-3c40-46fa-9854-7993f94e1217</responsePageFileDescription>
    <requestContentFileDescription>recorded-requests/req_cust_e9a422b7-9e16-450f-bbd1-981732725a54.txt</requestContentFileDescription>
    <parameter encodeName="true" encodeValue="true" name="v"
        recordRawValue="3_9_0" separator="=" value="3_9_0" valueMode="USE_VALUE"/>
    <header name="Accept" value="*/*"/>
    <header name="Accept-Encoding" value="gzip, deflate, br"/>
    <header name="Accept-Language" value="en-CA,en-US;q=0.7,en;q=0.3"/>
    <header name="Connection" value="keep-alive"/>
    <header name="Cookie" value="sap-login-XSRF_A4H=20230712123217--gcEUr_RlwUBPGXGS9dF9Q%3d%3d; sap-usercontext=sap-client=001"/>
    <header name="Host" value="solman.almdemo.com"/>
    <header name="Referer" value="https://solman.almdemo.com/sap/bc/ui2/flp"/>
    <header name="Sec-Fetch-Dest" value="script"/>
    <header name="Sec-Fetch-Mode" value="no-cors"/>
    <header name="Sec-Fetch-Site" value="same-origin"/>
    <header name="User-Agent" value="Mozilla/5.0 (Windows NT 10.0; Win64; x64; rv:109.0) Gecko/20100101 Firefox/115.0"/>
    <responseHeaders>HTTP/1.1 200 OK
content-type: application/x-javascript
content-length: 9112
last-modified: Fri, 17 Feb 2023 13:39:04 GMT
sap-dms: KW
ms-author-via: DAV
cache-control: max-age=31536000
x-content-type-options: nosniff
sap-server: true
content-encoding: gzip
date: Thu, 04 Jan 2024 18:13:02 GMT
connection: Keep-Alive</responseHeaders>
    <record-html-infos extractorRegExp="false" htmlType="0"/>
</http-action>
<http-action actionType="1" contentType="image/png"
    extractorInjectPathPolicy="2" extractorPathPolicy="1"
    followRedirects="false" generatedByClient="false"
    lastModified="Sat, 04 May 2013 17:06:24 GMT"
    linkExtractorSeveralMatchOccurrence="1"
    linkExtractorSeveralMatchPolicy="1" linkExtractorType="6"
    method="GET" name="/sap/public/bc/ui2/logon/img/sap_logo.png"
    path="/sap/public/bc/ui2/logon/img/sap_logo.png" postType="6"
    recordedArtifactZipFileName="team/vus/@user@path_@fiori_@create@incident/%resources%/recorded-artifacts/e0a2b7b5-7eec-401c-8e0e-d976006c4b53.zip"
    recordedResponseCode="200" recordedResponseTime="127"
    responseSize="10105" serverUid="solman.almdemo.com"
    slaProfileEnabled="false" uid="659c3506-70fb-4272-a58b-30790aa38c1b" useKeepAlive="false">
    <responsePageFileDescription>recorded-responses/res_cust_16de10f3-45a9-401c-a37b-d0bb64f92d79.png</responsePageFileDescription>
    <requestContentFileDescription>recorded-requests/req_cust_4375813a-75c1-4bac-9cf7-0bea3f52590a.txt</requestContentFileDescription>
    <header name="Accept" value="image/avif,image/webp,*/*"/>
    <header name="Accept-Encoding" value="gzip, deflate, br"/>
    <header name="Accept-Language" value="en-CA,en-US;q=0.7,en;q=0.3"/>
    <header name="Connection" value="keep-alive"/>
    <header name="Cookie" value="sap-login-XSRF_A4H=20230712123217--gcEUr_RlwUBPGXGS9dF9Q%3d%3d; sap-usercontext=sap-client=001"/>
    <header name="Host" value="solman.almdemo.com"/>
    <header name="Referer" value="https://solman.almdemo.com/sap/bc/ui2/flp"/>
    <header name="Sec-Fetch-Dest" value="image"/>
    <header name="Sec-Fetch-Mode" value="no-cors"/>
    <header name="Sec-Fetch-Site" value="same-origin"/>
    <header name="User-Agent" value="Mozilla/5.0 (Windows NT 10.0; Win64; x64; rv:109.0) Gecko/20100101 Firefox/115.0"/>
    <responseHeaders>HTTP/1.1 200 OK
content-type: image/png
content-length: 10105
last-modified: Sat, 04 May 2013 17:06:24 GMT
sap-dms: KW
ms-author-via: DAV
cache-control: max-age=31536000
x-content-type-options: nosniff
sap-server: true
date: Thu, 04 Jan 2024 18:13:02 GMT
connection: Keep-Alive</responseHeaders>
    <record-html-infos extractorRegExp="false" htmlType="0"/>
</http-action>
<http-action actionType="1" contentType="image/ico"
    extractorInjectPathPolicy="2" extractorPathPolicy="1"
    followRedirects="false" generatedByClient="false"
    lastModified="Mon, 23 Sep 2013 17:06:47 GMT"
    linkExtractorSeveralMatchOccurrence="1"
    linkExtractorSeveralMatchPolicy="1" linkExtractorType="6"
    method="GET" name="/sap/public/bc/ui2/logon/img/favicon.ico"
    path="/sap/public/bc/ui2/logon/img/favicon.ico" postType="6"
    recordedArtifactZipFileName="team/vus/@user@path_@fiori_@create@incident/%resources%/recorded-artifacts/e0a2b7b5-7eec-401c-8e0e-d976006c4b53.zip"
    recordedResponseCode="200" recordedResponseTime="103"
    responseSize="11502" serverUid="solman.almdemo.com"
    slaProfileEnabled="false" uid="44649226-f812-4caa-8a12-cdea975b6e68" useKeepAlive="false">
    <responsePageFileDescription>recorded-responses/res_cust_285b568f-9adf-4ec9-ad61-a6f1cc8c5a0c</responsePageFileDescription>
    <requestContentFileDescription>recorded-requests/req_cust_e2ca24bd-2de0-4a52-bbb5-73fa50045235.txt</requestContentFileDescription>
    <header name="Accept" value="image/avif,image/webp,*/*"/>
    <header name="Accept-Encoding" value="gzip, deflate, br"/>
    <header name="Accept-Language" value="en-CA,en-US;q=0.7,en;q=0.3"/>
    <header name="Connection" value="keep-alive"/>
    <header name="Cookie" value="sap-login-XSRF_A4H=20230712123217--gcEUr_RlwUBPGXGS9dF9Q%3d%3d; sap-usercontext=sap-client=001"/>
    <header name="Host" value="solman.almdemo.com"/>
    <header name="Referer" value="https://solman.almdemo.com/sap/bc/ui2/flp"/>
    <header name="Sec-Fetch-Dest" value="image"/>
    <header name="Sec-Fetch-Mode" value="no-cors"/>
    <header name="Sec-Fetch-Site" value="same-origin"/>
    <header name="User-Agent" value="Mozilla/5.0 (Windows NT 10.0; Win64; x64; rv:109.0) Gecko/20100101 Firefox/115.0"/>
    <responseHeaders>HTTP/1.1 200 OK
content-type: image/ico
content-length: 6205
last-modified: Mon, 23 Sep 2013 17:06:47 GMT
sap-dms: KW
ms-author-via: DAV
cache-control: max-age=31536000
x-content-type-options: nosniff
sap-server: true
content-encoding: gzip
date: Thu, 04 Jan 2024 18:13:02 GMT
connection: Keep-Alive</responseHeaders>
    <record-html-infos extractorRegExp="false" htmlType="0"/>
</http-action>
<http-action actionType="1" contentType="image/jpeg"
    extractorInjectPathPolicy="2" extractorPathPolicy="1"
    followRedirects="false" generatedByClient="false"
    lastModified="Wed, 15 Jun 2016 14:28:53 GMT"
    linkExtractorSeveralMatchOccurrence="1"
    linkExtractorSeveralMatchPolicy="1" linkExtractorType="6"
    method="GET"
    name="/sap/public/bc/ui2/logon/themes/sap_belize/img/background.jpg"
    path="/sap/public/bc/ui2/logon/themes/sap_belize/img/background.jpg"
    postType="6"
    recordedArtifactZipFileName="team/vus/@user@path_@fiori_@create@incident/%resources%/recorded-artifacts/e0a2b7b5-7eec-401c-8e0e-d976006c4b53.zip"
    recordedResponseCode="200" recordedResponseTime="182"
    responseSize="101305" serverUid="solman.almdemo.com"
    slaProfileEnabled="false" uid="0bd41333-23af-415a-ae44-f965df28ae12" useKeepAlive="false">
    <responsePageFileDescription>recorded-responses/res_cust_d437c71e-eaed-495b-974a-478e5d14cd4c</responsePageFileDescription>
    <requestContentFileDescription>recorded-requests/req_cust_8bf065f3-3ebe-4b22-857a-09da2890f792.txt</requestContentFileDescription>
    <header name="Accept" value="image/avif,image/webp,*/*"/>
    <header name="Accept-Encoding" value="gzip, deflate, br"/>
    <header name="Accept-Language" value="en-CA,en-US;q=0.7,en;q=0.3"/>
    <header name="Connection" value="keep-alive"/>
    <header name="Cookie" value="sap-login-XSRF_A4H=20230712123217--gcEUr_RlwUBPGXGS9dF9Q%3d%3d; sap-usercontext=sap-client=001"/>
    <header name="Host" value="solman.almdemo.com"/>
    <header name="Referer" value="https://solman.almdemo.com/sap/public/bc/ui2/logon/themes/sap_belize/library.css"/>
    <header name="Sec-Fetch-Dest" value="image"/>
    <header name="Sec-Fetch-Mode" value="no-cors"/>
    <header name="Sec-Fetch-Site" value="same-origin"/>
    <header name="User-Agent" value="Mozilla/5.0 (Windows NT 10.0; Win64; x64; rv:109.0) Gecko/20100101 Firefox/115.0"/>
    <responseHeaders>HTTP/1.1 200 OK
content-type: image/jpeg
content-length: 101305
last-modified: Wed, 15 Jun 2016 14:28:53 GMT
sap-dms: KW
ms-author-via: DAV
cache-control: max-age=31536000
x-content-type-options: nosniff
sap-server: true
date: Thu, 04 Jan 2024 18:13:02 GMT
connection: Keep-Alive</responseHeaders>
    <record-html-infos extractorRegExp="false" htmlType="0"/>
</http-action>
