<?xml version="1.0" encoding="utf-8"?><edmx:Edmx Version="1.0" xmlns:edmx="http://schemas.microsoft.com/ado/2007/06/edmx" xmlns:m="http://schemas.microsoft.com/ado/2007/08/dataservices/metadata" xmlns:sap="http://www.sap.com/Protocols/SAPData"><edmx:DataServices m:DataServiceVersion="2.0"><Schema Namespace="AI_CRM_GW_CREATE_INCIDENT_SRV" xml:lang="en" sap:schema-version="1" xmlns="http://schemas.microsoft.com/ado/2008/09/edm"><EntityType Name="Incident" sap:content-version="1"><Key><PropertyRef Name="Guid"/></Key><Property Name="Guid" Type="Edm.Guid" Nullable="false" sap:unicode="false" sap:label="Object GUID" sap:updatable="false" sap:sortable="false" sap:filterable="false"/><Property Name="TextMode" Type="Edm.String" Nullable="false" MaxLength="1" sap:unicode="false" sap:label="Text Mode" sap:creatable="false" sap:updatable="false" sap:sortable="false" sap:filterable="false"/><Property Name="ProcessType" Type="Edm.String" Nullable="false" MaxLength="4" sap:unicode="false" sap:label="Transaction Type" sap:updatable="false" sap:sortable="false" sap:filterable="false"/><Property Name="ObjectId" Type="Edm.String" Nullable="false" MaxLength="10" sap:unicode="false" sap:label="ID" sap:updatable="false" sap:sortable="false" sap:filterable="false"/><Property Name="Description" Type="Edm.String" Nullable="false" MaxLength="40" sap:unicode="false" sap:label="Description" sap:updatable="false" sap:sortable="false" sap:filterable="false"/><Property Name="CategoryAspectId" Type="Edm.String" MaxLength="40" sap:unicode="false" sap:label="Schema ID" sap:updatable="false" sap:sortable="false" sap:filterable="false"/><Property Name="CategoryId" Type="Edm.String" MaxLength="40" sap:unicode="false" sap:label="Schema ID" sap:updatable="false" sap:sortable="false" sap:filterable="false"/><Property Name="CategoryCatalogType" Type="Edm.String" MaxLength="1" sap:unicode="false" sap:label="Catalog Categ." sap:updatable="false" sap:sortable="false" sap:filterable="false"/><Property Name="SAPComponent" Type="Edm.String" MaxLength="20" sap:unicode="false" sap:label="SAP Component" sap:updatable="false" sap:sortable="false" sap:filterable="false"/><Property Name="LongText" Type="Edm.String" Nullable="false" sap:unicode="false" sap:label="String" sap:updatable="false" sap:sortable="false" sap:filterable="false"/><Property Name="Priority" Type="Edm.String" Nullable="false" MaxLength="1" sap:unicode="false" sap:label="Priority" sap:updatable="false" sap:sortable="false" sap:filterable="false"/><Property Name="ConfigurationItemId" Type="Edm.String" MaxLength="10" sap:unicode="false" sap:label="ID" sap:updatable="false" sap:sortable="false" sap:filterable="false"/><Property Name="Partner1" Type="Edm.String" MaxLength="10" sap:unicode="false" sap:label="BusinessPartner1" sap:updatable="false" sap:sortable="false" sap:filterable="false"/><Property Name="PartnerFct1" Type="Edm.String" MaxLength="8" sap:unicode="false" sap:label="Partner Function1" sap:updatable="false" sap:sortable="false" sap:filterable="false"/><Property Name="Partner2" Type="Edm.String" MaxLength="10" sap:unicode="false" sap:label="BusinessPartner2" sap:updatable="false" sap:sortable="false" sap:filterable="false"/><Property Name="PartnerFct2" Type="Edm.String" MaxLength="8" sap:unicode="false" sap:label="Partner Function2" sap:updatable="false" sap:sortable="false" sap:filterable="false"/><Property Name="Partner3" Type="Edm.String" MaxLength="10" sap:unicode="false" sap:label="BusinessPartner3" sap:updatable="false" sap:sortable="false" sap:filterable="false"/><Property Name="PartnerFct3" Type="Edm.String" MaxLength="8" sap:unicode="false" sap:label="Partner Function3" sap:updatable="false" sap:sortable="false" sap:filterable="false"/><NavigationProperty Name="AttachmentSet" Relationship="AI_CRM_GW_CREATE_INCIDENT_SRV.IncidentAttachment" FromRole="FromRole_IncidentAttachment" ToRole="ToRole_IncidentAttachment"/></EntityType><EntityType Name="BusinessPartner" sap:content-version="1"><Key><PropertyRef Name="Partner"/></Key><Property Name="Partner" Type="Edm.String" Nullable="false" MaxLength="10" sap:unicode="false" sap:label="BusinessPartner" sap:creatable="false" sap:updatable="false" sap:sortable="false" sap:filterable="false"/><Property Name="Name" Type="Edm.String" Nullable="false" MaxLength="100" sap:unicode="false" sap:label="Text" sap:creatable="false" sap:updatable="false" sap:sortable="false"/></EntityType><EntityType Name="ConfigurationItem" sap:content-version="1"><Key><PropertyRef Name="ConfigItemId"/></Key><Property Name="ConfigItemId" Type="Edm.String" Nullable="false" MaxLength="40" sap:unicode="false" sap:label="Product ID" sap:creatable="false" sap:updatable="false" sap:sortable="false" sap:filterable="false"/><Property Name="ObjectFamily" Type="Edm.String" Nullable="false" MaxLength="4" sap:unicode="false" sap:label="Object Family" sap:creatable="false" sap:updatable="false" sap:sortable="false" sap:filterable="false"/><Property Name="Description" Type="Edm.String" Nullable="false" MaxLength="100" sap:unicode="false" sap:label="Description" sap:creatable="false" sap:updatable="false" sap:sortable="false"/><Property Name="ExtendedSid" Type="Edm.String" Nullable="false" MaxLength="8" sap:unicode="false" sap:label="Extended System ID" sap:creatable="false" sap:updatable="false" sap:sortable="false" sap:filterable="false"/><Property Name="Client" Type="Edm.String" Nullable="false" MaxLength="3" sap:unicode="false" sap:label="Client" sap:creatable="false" sap:updatable="false" sap:sortable="false" sap:filterable="false"/><Property Name="InstallationNumber" Type="Edm.String" Nullable="false" MaxLength="10" sap:unicode="false" sap:label="Installation number" sap:creatable="false" sap:updatable="false" sap:sortable="false" sap:filterable="false"/><Property Name="SystemNumber" Type="Edm.String" Nullable="false" MaxLength="20" sap:unicode="false" sap:label="System Number" sap:creatable="false" sap:updatable="false" sap:sortable="false" sap:filterable="false"/><Property Name="SystemType" Type="Edm.String" Nullable="false" MaxLength="16" sap:unicode="false" sap:label="System Type" sap:creatable="false" sap:updatable="false" sap:sortable="false" sap:filterable="false"/><Property Name="HostName" Type="Edm.String" Nullable="false" MaxLength="75" sap:unicode="false" sap:label="Host Name" sap:creatable="false" sap:updatable="false" sap:sortable="false" sap:filterable="false"/><Property Name="FunctionType" Type="Edm.String" Nullable="false" MaxLength="32" sap:unicode="false" sap:label="Function Type" sap:creatable="false" sap:updatable="false" sap:sortable="false" sap:filterable="false"/><Property Name="NameOfCi" Type="Edm.String" Nullable="false" MaxLength="75" sap:unicode="false" sap:label="Name of CI" sap:creatable="false" sap:updatable="false" sap:sortable="false" sap:filterable="false"/><Property Name="SerialNumber" Type="Edm.String" Nullable="false" MaxLength="75" sap:unicode="false" sap:label="Serial number" sap:creatable="false" sap:updatable="false" sap:sortable="false" sap:filterable="false"/><Property Name="Manufacturer" Type="Edm.String" Nullable="false" MaxLength="30" sap:unicode="false" sap:label="Manufacturer" sap:creatable="false" sap:updatable="false" sap:sortable="false" sap:filterable="false"/><Property Name="Location" Type="Edm.String" Nullable="false" MaxLength="40" sap:unicode="false" sap:label="Location" sap:creatable="false" sap:updatable="false" sap:sortable="false" sap:filterable="false"/></EntityType><EntityType Name="ProcessType" sap:content-version="1"><Key><PropertyRef Name="ProcessTypeCode"/></Key><Property Name="ProcessTypeCode" Type="Edm.String" Nullable="false" MaxLength="4" sap:unicode="false" sap:label="Transaction Type" sap:creatable="false" sap:updatable="false" sap:sortable="false" sap:filterable="false"/><Property Name="Langu" Type="Edm.String" Nullable="false" MaxLength="1" sap:unicode="false" sap:label="Language" sap:creatable="false" sap:updatable="false" sap:sortable="false" sap:filterable="false"/><Property Name="ProcessTypeDescriptionShort" Type="Edm.String" Nullable="false" MaxLength="20" sap:unicode="false" sap:label="Short Description" sap:creatable="false" sap:updatable="false" sap:sortable="false" sap:filterable="false"/><Property Name="ProcessTypeDescriptionLong" Type="Edm.String" Nullable="false" MaxLength="40" sap:unicode="false" sap:label="Description" sap:creatable="false" sap:updatable="false" sap:sortable="false" sap:filterable="false"/><Property Name="Scenario" Type="Edm.String" Nullable="false" MaxLength="3" sap:unicode="false" sap:label="Scenario" sap:creatable="false" sap:updatable="false" sap:sortable="false" sap:filterable="false"/></EntityType><EntityType Name="Component" sap:content-version="1"><Key><PropertyRef Name="CompID"/></Key><Property Name="CompID" Type="Edm.String" Nullable="false" MaxLength="79" sap:unicode="false" sap:label="Character 79" sap:creatable="false" sap:updatable="false" sap:sortable="false" sap:filterable="false"/><Property Name="CompListType" Type="Edm.String" Nullable="false" MaxLength="15" sap:unicode="false" sap:label="Char15" sap:creatable="false" sap:updatable="false" sap:sortable="false" sap:filterable="false"/><Property Name="CompParentId" Type="Edm.String" Nullable="false" MaxLength="79" sap:unicode="false" sap:label="Character 79" sap:creatable="false" sap:updatable="false" sap:sortable="false" sap:filterable="false"/><Property Name="CompSequence" Type="Edm.String" Nullable="false" MaxLength="5" sap:unicode="false" sap:label="Sequence" sap:creatable="false" sap:updatable="false" sap:sortable="false" sap:filterable="false"/><Property Name="CompLevel" Type="Edm.String" Nullable="false" MaxLength="2" sap:unicode="false" sap:label="NUM" sap:creatable="false" sap:updatable="false" sap:sortable="false" sap:filterable="false"/><Property Name="CompSelectable" Type="Edm.Boolean" Nullable="false" sap:unicode="false" sap:label="Indicator" sap:creatable="false" sap:updatable="false" sap:sortable="false" sap:filterable="false"/><Property Name="CompText" Type="Edm.String" Nullable="false" MaxLength="79" sap:unicode="false" sap:label="Character 79" sap:creatable="false" sap:updatable="false" sap:sortable="false" sap:filterable="false"/></EntityType><EntityType Name="Priority" sap:content-version="1"><Key><PropertyRef Name="PrioCode"/></Key><Property Name="PrioCode" Type="Edm.String" Nullable="false" MaxLength="1" sap:unicode="false" sap:label="Priority" sap:creatable="false" sap:updatable="false" sap:sortable="false" sap:filterable="false"/><Property Name="Description" Type="Edm.String" Nullable="false" MaxLength="40" sap:unicode="false" sap:label="Description" sap:creatable="false" sap:updatable="false" sap:sortable="false" sap:filterable="false"/></EntityType><EntityType Name="Attachment" m:HasStream="true" sap:content-version="1"><Key><PropertyRef Name="refGuid"/></Key><Property Name="refGuid" Type="Edm.Guid" Nullable="false" sap:unicode="false" sap:label="Object GUID" sap:updatable="false" sap:sortable="false" sap:filterable="false"/><Property Name="loioId" Type="Edm.String" Nullable="false" MaxLength="32" sap:unicode="false" sap:label="Object ID" sap:creatable="false" sap:updatable="false" sap:sortable="false" sap:filterable="false"/><Property Name="phioId" Type="Edm.String" Nullable="false" MaxLength="32" sap:unicode="false" sap:label="Object ID" sap:creatable="false" sap:updatable="false" sap:sortable="false" sap:filterable="false"/><Property Name="documentId" Type="Edm.String" Nullable="false" MaxLength="132" sap:unicode="false" sap:label="DOCUMENT_ID" sap:creatable="false" sap:updatable="false" sap:sortable="false" sap:filterable="false"/><Property Name="fileName" Type="Edm.String" Nullable="false" MaxLength="255" sap:unicode="false" sap:label="Component name" sap:creatable="false" sap:updatable="false" sap:sortable="false" sap:filterable="false"/><Property Name="fileSize" Type="Edm.String" Nullable="false" MaxLength="12" sap:unicode="false" sap:label="Size/dim." sap:creatable="false" sap:updatable="false" sap:sortable="false" sap:filterable="false"/><Property Name="mimeType" Type="Edm.String" Nullable="false" MaxLength="128" sap:unicode="false" sap:label="MIME type" sap:creatable="false" sap:updatable="false" sap:sortable="false" sap:filterable="false"/><Property Name="language" Type="Edm.String" Nullable="false" MaxLength="1" sap:unicode="false" sap:label="Language" sap:creatable="false" sap:updatable="false" sap:sortable="false" sap:filterable="false"/><Property Name="uploadDateFormatted" Type="Edm.String" Nullable="false" MaxLength="20" sap:unicode="false" sap:label="Upload Date (formatted)" sap:creatable="false" sap:updatable="false" sap:sortable="false" sap:filterable="false"/><Property Name="uploadDate" Type="Edm.DateTime" Nullable="false" Precision="0" sap:unicode="false" sap:label="Time Stamp" sap:creatable="false" sap:updatable="false" sap:sortable="false" sap:filterable="false"/><Property Name="userName" Type="Edm.String" Nullable="false" MaxLength="12" sap:unicode="false" sap:label="User Name" sap:creatable="false" sap:updatable="false" sap:sortable="false" sap:filterable="false"/><Property Name="contributor" Type="Edm.String" Nullable="false" MaxLength="50" sap:unicode="false" sap:label="Description" sap:creatable="false" sap:updatable="false" sap:sortable="false" sap:filterable="false"/><Property Name="document" Type="Edm.Binary" Nullable="false" sap:unicode="false" sap:label="DOCUMENT" sap:creatable="false" sap:updatable="false" sap:sortable="false" sap:filterable="false"/><Property Name="thumbnailUrl" Type="Edm.String" Nullable="false" MaxLength="1024" sap:unicode="false" sap:label="String" sap:creatable="false" sap:updatable="false" sap:sortable="false" sap:filterable="false"/><Property Name="enableEdit" Type="Edm.Boolean" Nullable="false" sap:unicode="false" sap:label="Boolean Variable (X=True, -=False, Space=Unknown)" sap:creatable="false" sap:updatable="false" sap:sortable="false" sap:filterable="false"/><Property Name="enableDelete" Type="Edm.Boolean" Nullable="false" sap:unicode="false" sap:label="Boolean Variable (X=True, -=False, Space=Unknown)" sap:creatable="false" sap:updatable="false" sap:sortable="false" sap:filterable="false"/><Property Name="visibleDelete" Type="Edm.Boolean" Nullable="false" sap:unicode="false" sap:label="Boolean Variable (X=True, -=False, Space=Unknown)" sap:creatable="false" sap:updatable="false" sap:sortable="false" sap:filterable="false"/><Property Name="visibleEdit" Type="Edm.Boolean" Nullable="false" sap:unicode="false" sap:label="Boolean Variable (X=True, -=False, Space=Unknown)" sap:creatable="false" sap:updatable="false" sap:sortable="false" sap:filterable="false"/><Property Name="url" Type="Edm.String" Nullable="false" MaxLength="4096" sap:unicode="false" sap:label="URI" sap:creatable="false" sap:updatable="false" sap:sortable="false" sap:filterable="false"/></EntityType><EntityType Name="Category" sap:content-version="1"><Key><PropertyRef Name="CategoryId"/></Key><Property Name="CategoryId" Type="Edm.String" Nullable="false" MaxLength="40" sap:unicode="false" sap:label="Schema ID" sap:creatable="false" sap:updatable="false" sap:sortable="false" sap:filterable="false"/><Property Name="CategoryAspId" Type="Edm.String" Nullable="false" MaxLength="40" sap:unicode="false" sap:label="Schema ID" sap:creatable="false" sap:updatable="false" sap:sortable="false" sap:filterable="false"/><Property Name="ParentCategoryId" Type="Edm.String" Nullable="false" MaxLength="40" sap:unicode="false" sap:label="Schema ID" sap:creatable="false" sap:updatable="false" sap:sortable="false" sap:filterable="false"/><Property Name="ProcessType" Type="Edm.String" Nullable="false" MaxLength="4" sap:unicode="false" sap:label="Transaction Type" sap:creatable="false" sap:updatable="false" sap:sortable="false"/><Property Name="CategoryLevel" Type="Edm.Int32" Nullable="false" sap:unicode="false" sap:label="Hierarchy Levels" sap:creatable="false" sap:updatable="false" sap:sortable="false" sap:filterable="false"/><Property Name="CategoryDescription" Type="Edm.String" Nullable="false" MaxLength="50" sap:unicode="false" sap:label="Category Description" sap:creatable="false" sap:updatable="false" sap:sortable="false" sap:filterable="false"/><Property Name="CategoryName" Type="Edm.String" Nullable="false" MaxLength="50" sap:unicode="false" sap:label="Category Name" sap:creatable="false" sap:updatable="false" sap:sortable="false" sap:filterable="false"/><Property Name="CategoryCatalogType" Type="Edm.String" Nullable="false" MaxLength="1" sap:unicode="false" sap:label="Catalog Categ." sap:creatable="false" sap:updatable="false" sap:sortable="false"/><Property Name="CatListType" Type="Edm.String" Nullable="false" MaxLength="15" sap:unicode="false" sap:label="Navigation Possible" sap:creatable="false" sap:updatable="false" sap:sortable="false" sap:filterable="false"/></EntityType><ComplexType Name="CategoryDescription"><Property Name="catAspectID" Type="Edm.String" Nullable="false" MaxLength="40" sap:label="Schema ID" sap:creatable="false" sap:updatable="false" sap:sortable="false" sap:filterable="false"/><Property Name="catID" Type="Edm.String" Nullable="false" MaxLength="40" sap:label="Schema ID" sap:creatable="false" sap:updatable="false" sap:sortable="false" sap:filterable="false"/><Property Name="catDescription" Type="Edm.String" Nullable="false" MaxLength="50" sap:label="Category Description" sap:creatable="false" sap:updatable="false" sap:sortable="false" sap:filterable="false"/><Property Name="catCatalogType" Type="Edm.String" Nullable="false" MaxLength="1" sap:label="Catalog Categ." sap:creatable="false" sap:updatable="false" sap:sortable="false" sap:filterable="false"/></ComplexType><ComplexType Name="Flag"><Property Name="valid" Type="Edm.String" Nullable="false" MaxLength="1" sap:label="TRUE" sap:creatable="false" sap:updatable="false" sap:sortable="false" sap:filterable="false"/></ComplexType><ComplexType Name="DefaultPrio"><Property Name="defaultPrio" Type="Edm.String" Nullable="false" MaxLength="1" sap:label="Priority" sap:creatable="false" sap:updatable="false" sap:sortable="false" sap:filterable="false"/></ComplexType><ComplexType Name="ConfigItemDescription"><Property Name="configItemId" Type="Edm.String" Nullable="false" MaxLength="40" sap:label="Product ID" sap:creatable="false" sap:updatable="false" sap:sortable="false" sap:filterable="false"/><Property Name="configItemDescription" Type="Edm.String" Nullable="false" MaxLength="100" sap:label="Text" sap:creatable="false" sap:updatable="false" sap:sortable="false" sap:filterable="false"/></ComplexType><ComplexType Name="ContactPersonDescription"><Property Name="contactPersonId" Type="Edm.String" Nullable="false" MaxLength="10" sap:label="BusinessPartner" sap:creatable="false" sap:updatable="false" sap:sortable="false" sap:filterable="false"/><Property Name="contactPersonDescription" Type="Edm.String" Nullable="false" MaxLength="100" sap:label="Text" sap:creatable="false" sap:updatable="false" sap:sortable="false" sap:filterable="false"/></ComplexType><ComplexType Name="TextMode"><Property Name="textMode" Type="Edm.String" Nullable="false" MaxLength="1" sap:label="Text Mode" sap:creatable="false" sap:updatable="false" sap:sortable="false" sap:filterable="false"/></ComplexType><Association Name="IncidentAttachment" sap:content-version="1"><End Type="AI_CRM_GW_CREATE_INCIDENT_SRV.Incident" Multiplicity="*" Role="FromRole_IncidentAttachment"/><End Type="AI_CRM_GW_CREATE_INCIDENT_SRV.Attachment" Multiplicity="*" Role="ToRole_IncidentAttachment"/><ReferentialConstraint><Principal Role="FromRole_IncidentAttachment"><PropertyRef Name="Guid"/></Principal><Dependent Role="ToRole_IncidentAttachment"><PropertyRef Name="refGuid"/></Dependent></ReferentialConstraint></Association><EntityContainer Name="AI_CRM_GW_CREATE_INCIDENT_SRV_Entities" m:IsDefaultEntityContainer="true" sap:supported-formats="atom json xlsx"><EntitySet Name="IncidentSet" EntityType="AI_CRM_GW_CREATE_INCIDENT_SRV.Incident" sap:updatable="false" sap:deletable="false" sap:pageable="false" sap:content-version="1"/><EntitySet Name="BusinessPartnerSet" EntityType="AI_CRM_GW_CREATE_INCIDENT_SRV.BusinessPartner" sap:creatable="false" sap:updatable="false" sap:deletable="false" sap:pageable="false" sap:requires-filter="true" sap:content-version="1"/><EntitySet Name="ConfigurationItemSet" EntityType="AI_CRM_GW_CREATE_INCIDENT_SRV.ConfigurationItem" sap:creatable="false" sap:updatable="false" sap:deletable="false" sap:searchable="true" sap:pageable="false" sap:requires-filter="true" sap:content-version="1"/><EntitySet Name="ProcessTypeSet" EntityType="AI_CRM_GW_CREATE_INCIDENT_SRV.ProcessType" sap:creatable="false" sap:updatable="false" sap:deletable="false" sap:pageable="false" sap:content-version="1"/><EntitySet Name="ComponentSet" EntityType="AI_CRM_GW_CREATE_INCIDENT_SRV.Component" sap:creatable="false" sap:updatable="false" sap:deletable="false" sap:pageable="false" sap:addressable="false" sap:content-version="1"/><EntitySet Name="PrioritySet" EntityType="AI_CRM_GW_CREATE_INCIDENT_SRV.Priority" sap:creatable="false" sap:updatable="false" sap:deletable="false" sap:pageable="false" sap:requires-filter="true" sap:content-version="1"/><EntitySet Name="AttachmentSet" EntityType="AI_CRM_GW_CREATE_INCIDENT_SRV.Attachment" sap:creatable="false" sap:updatable="false" sap:deletable="false" sap:pageable="false" sap:addressable="false" sap:content-version="1"/><EntitySet Name="CategorySet" EntityType="AI_CRM_GW_CREATE_INCIDENT_SRV.Category" sap:creatable="false" sap:updatable="false" sap:deletable="false" sap:pageable="false" sap:addressable="false" sap:content-version="1"/><AssociationSet Name="IncidentAttachmentSet" Association="AI_CRM_GW_CREATE_INCIDENT_SRV.IncidentAttachment" sap:creatable="false" sap:updatable="false" sap:deletable="false" sap:content-version="1"><End EntitySet="IncidentSet" Role="FromRole_IncidentAttachment"/><End EntitySet="AttachmentSet" Role="ToRole_IncidentAttachment"/></AssociationSet><FunctionImport Name="getCategoryDescription" ReturnType="AI_CRM_GW_CREATE_INCIDENT_SRV.CategoryDescription" m:HttpMethod="GET"><Parameter Name="procType" Type="Edm.String" Mode="In"/><Parameter Name="catId" Type="Edm.String" Mode="In" MaxLength="50"/></FunctionImport><FunctionImport Name="validateContactPerson" ReturnType="AI_CRM_GW_CREATE_INCIDENT_SRV.Flag" m:HttpMethod="GET"><Parameter Name="bpId" Type="Edm.String" Mode="In"/></FunctionImport><FunctionImport Name="validateComponent" ReturnType="AI_CRM_GW_CREATE_INCIDENT_SRV.Flag" m:HttpMethod="GET"><Parameter Name="compId" Type="Edm.String" Mode="In" MaxLength="50"/></FunctionImport><FunctionImport Name="validateConfigItem" ReturnType="AI_CRM_GW_CREATE_INCIDENT_SRV.Flag" m:HttpMethod="GET"><Parameter Name="configItemId" Type="Edm.String" Mode="In"/></FunctionImport><FunctionImport Name="getDefaultPriority" ReturnType="AI_CRM_GW_CREATE_INCIDENT_SRV.DefaultPrio" m:HttpMethod="GET"><Parameter Name="ProcessType" Type="Edm.String" Mode="In" MaxLength="4"/></FunctionImport><FunctionImport Name="getConfigItemDescription" ReturnType="AI_CRM_GW_CREATE_INCIDENT_SRV.ConfigItemDescription" m:HttpMethod="GET"><Parameter Name="configItemId" Type="Edm.String" Mode="In"/></FunctionImport><FunctionImport Name="getContactPersonDescription" ReturnType="AI_CRM_GW_CREATE_INCIDENT_SRV.ContactPersonDescription" m:HttpMethod="GET"><Parameter Name="bpId" Type="Edm.String" Mode="In"/></FunctionImport><FunctionImport Name="getTextMode" ReturnType="AI_CRM_GW_CREATE_INCIDENT_SRV.TextMode" m:HttpMethod="GET"><Parameter Name="ProcessType" Type="Edm.String" Mode="In" MaxLength="4"/></FunctionImport></EntityContainer><atom:link rel="self" href="http://solman.almdemo.com/sap/opu/odata/sap/AI_CRM_GW_CREATE_INCIDENT_SRV/$metadata" xmlns:atom="http://www.w3.org/2005/Atom"/><atom:link rel="latest-version" href="http://solman.almdemo.com/sap/opu/odata/sap/AI_CRM_GW_CREATE_INCIDENT_SRV/$metadata" xmlns:atom="http://www.w3.org/2005/Atom"/></Schema></edmx:DataServices></edmx:Edmx>