<lg-host browserBasedSupport="true" citrixSupport="false"
    hostname="localhost:7100" loadWeight="1" sapSupport="false"
    standalone="false" supportWANEmulation="false"
    uid="1c6b6b5a-5d91-475e-b01a-8ca659bf64d9" version="2023.3.0;build=20231009-13">
    <!--****** LG NETWORK INTERFACES ******-->
    <lg-networkiface
        description="Microsoft Wi-Fi Direct Virtual Adapter"
        enabled="false" isLoopBack="false" name="wlan1">
        <!--****** LG ADDRESSES ******-->
        <lg-address enabled="false" hostname="fe80:0:0:0:6623:7ee0:a6e5:7f36%wlan1">
            <ip value="fe80:0:0:0:6623:7ee0:a6e5:7f36%wlan1"/>
        </lg-address>
        <!--****** END LG ADDRESSES ******-->
    </lg-networkiface>
    <lg-networkiface description="Software Loopback Interface 1"
        enabled="false" isLoopBack="true" name="lo">
        <!--****** LG ADDRESSES ******-->
        <lg-address enabled="false" hostname="127.0.0.1">
            <ip value="127.0.0.1"/>
        </lg-address>
        <lg-address enabled="false" hostname="0:0:0:0:0:0:0:1">
            <ip value="0:0:0:0:0:0:0:1"/>
        </lg-address>
        <!--****** END LG ADDRESSES ******-->
    </lg-networkiface>
    <lg-networkiface
        description="Bluetooth Device (Personal Area Network)"
        enabled="false" isLoopBack="false" name="eth4">
        <!--****** LG ADDRESSES ******-->
        <!--****** END LG ADDRESSES ******-->
    </lg-networkiface>
    <lg-networkiface
        description="Intel(R) Ethernet Connection (4) I219-LM"
        enabled="false" isLoopBack="false" name="eth2">
        <!--****** LG ADDRESSES ******-->
        <!--****** END LG ADDRESSES ******-->
    </lg-networkiface>
</lg-host>
