<virtual-user errorPolicy="DO_NOTHING"
    failedAssertionPolicy="DO_NOTHING" slaProfileEnabled="false"
    type="LEGACY" uid="UserPath_Fiori_CreateIncident">
    <init-container element-number="1" execution-type="0" pacingEnd="0"
        pacingMode="MODE_NO_PACING" pacingStart="0" pacingValue="0"
        slaProfileEnabled="false" weightsEnabled="false">
        <description>Elements executed once when the Virtual User starts.</description>
    </init-container>
    <actions-container clearUserIterationDataMode="AUTO"
        element-number="1" execution-type="0" pacingEnd="0"
        pacingMode="MODE_NO_PACING" pacingStart="0" pacingValue="0"
        slaProfileEnabled="false" weightsEnabled="false">
        <description>Elements repeated until the Virtual User stops.</description>
        <weighted-embedded-action uid="c7ab9503-6f17-4e11-bfdd-7748eee7b173"/>
        <weighted-embedded-action uid="e06df069-6fd7-44ff-b8f6-da4d90d7463f"/>
        <weighted-embedded-action uid="36c6df2d-f2d4-4de8-a51a-619342670270"/>
        <weighted-embedded-action uid="e1f6a378-ae8a-484c-b2a3-602c091ab644"/>
        <weighted-embedded-action uid="53baa484-834f-4833-adbb-f975380b20bd"/>
        <weighted-embedded-action uid="1b917b58-fdb5-4647-b575-3596ca9b1b37"/>
        <weighted-embedded-action uid="45b93d48-1ed1-40d7-85fd-025aeca26b6f"/>
    </actions-container>
    <end-container element-number="1" execution-type="0" pacingEnd="0"
        pacingMode="MODE_NO_PACING" pacingStart="0" pacingValue="0"
        slaProfileEnabled="false" weightsEnabled="false">
        <description>Elements executed before the Virtual User stops.</description>
    </end-container>
    <extraJsonData><![CDATA[{"browserRecordedRequestList":[]}]]></extraJsonData>
    <thinktime-policy thinkTimeMode="MODE_SIMPLE_THINK_TIME"
        thinktimeFactorValue="100" thinktimePolicy="0"
        thinktimeRangeValue="0" thinktimeValue="5000"/>
</virtual-user>
